index,id,reference_output_tokens,used_combined_boundary_tokenization,target_top1_match_rate,target_top5_match_rate,strict_prefix_top1_ratio,first_top1_mismatch_step,mean_target_logprob,mean_target_nll,perplexity,reference_prompt_tokens,reference_total_tokens,compression_events,current_cache_tokens,current_total_cardinality,terminal_saved_tokens,terminal_saved_ratio,terminal_cache_ratio,reference_terminal_saved_tokens,reference_terminal_saved_ratio,reference_terminal_cache_ratio
0,60,1024,True,0.9267578125,0.9921875,0.0,0,-0.248264861991629,0.248264861991629,1.2817993871762317,185,1209,,696,1209,513,0.42431761786600497,0.575682382133995,513,0.42431761786600497,0.575682382133995
1,61,1024,True,0.8837890625,0.9921875,0.0029296875,3,-0.34491286985576153,0.34491286985576153,1.4118668981418145,159,1183,,670,1183,513,0.43364327979712597,0.5663567202028741,513,0.43364327979712597,0.5663567202028741
2,62,1024,True,0.8515625,0.994140625,0.0,0,-0.40554954146500677,0.40554954146500677,1.500126655382158,128,1152,,639,1152,513,0.4453125,0.5546875,513,0.4453125,0.5546875
3,63,1024,True,0.8955078125,0.9892578125,0.04296875,44,-0.33189486316405237,0.33189486316405237,1.393606321450762,133,1157,,644,1157,513,0.44338807260155577,0.5566119273984442,513,0.44338807260155577,0.5566119273984442
4,64,1024,True,0.8837890625,0.984375,0.0,0,-0.4321041136281565,0.4321041136281565,1.540495493387178,117,1141,,628,1141,513,0.44960560911481157,0.5503943908851884,513,0.44960560911481157,0.5503943908851884
5,65,1024,True,0.923828125,0.994140625,0.0048828125,5,-0.23368797765579075,0.23368797765579075,1.263250268397589,204,1228,,715,1228,513,0.4177524429967427,0.5822475570032574,513,0.4177524429967427,0.5822475570032574
