index,id,reference_output_tokens,used_combined_boundary_tokenization,target_top1_match_rate,target_top5_match_rate,strict_prefix_top1_ratio,first_top1_mismatch_step,mean_target_logprob,mean_target_nll,perplexity,reference_prompt_tokens,reference_total_tokens,compression_events,current_cache_tokens,current_total_cardinality,terminal_saved_tokens,terminal_saved_ratio,terminal_cache_ratio,reference_terminal_saved_tokens,reference_terminal_saved_ratio,reference_terminal_cache_ratio
0,60,1024,True,0.9111328125,0.98828125,0.0,0,-0.33390643121674657,0.33390643121674657,1.396412476845059,185,1209,,440,1209,769,0.6360628618693135,0.3639371381306865,769,0.6360628618693135,0.3639371381306865
1,61,1024,True,0.8701171875,0.9873046875,0.0029296875,3,-0.4137757491553202,0.4137757491553202,1.512517905432581,159,1183,,414,1183,769,0.6500422654268808,0.3499577345731192,769,0.6500422654268808,0.3499577345731192
2,62,1024,True,0.8408203125,0.9931640625,0.0,0,-0.44174272648524493,0.44174272648524493,1.555415521735298,128,1152,,511,1152,641,0.5564236111111112,0.4435763888888889,641,0.5564236111111112,0.4435763888888889
3,63,1024,True,0.8896484375,0.9931640625,0.04296875,44,-0.3439138864632696,0.3439138864632696,1.4104571708224904,133,1157,,388,1157,769,0.6646499567847882,0.3353500432152118,769,0.6646499567847882,0.3353500432152118
4,64,1024,True,0.880859375,0.9814453125,0.0,0,-0.4562794017838314,0.4562794017838314,1.5781912326168042,117,1141,,500,1141,641,0.5617879053461875,0.43821209465381245,641,0.5617879053461875,0.43821209465381245
5,65,1024,True,0.9033203125,0.98828125,0.0048828125,5,-0.30786482302937657,0.30786482302937657,1.3605170659308987,204,1228,,459,1228,769,0.6262214983713354,0.3737785016286645,769,0.6262214983713354,0.3737785016286645
