index,id,reference_output_tokens,used_combined_boundary_tokenization,target_top1_match_rate,target_top5_match_rate,strict_prefix_top1_ratio,first_top1_mismatch_step,mean_target_logprob,mean_target_nll,perplexity,reference_prompt_tokens,reference_total_tokens,compression_events,current_cache_tokens,current_total_cardinality,terminal_saved_tokens,terminal_saved_ratio,terminal_cache_ratio,reference_terminal_saved_tokens,reference_terminal_saved_ratio,reference_terminal_cache_ratio
0,60,1024,True,0.9091796875,0.9873046875,0.0,0,-0.3100106032798067,0.3100106032798067,1.3634395709868032,185,1209,,440,1209,769,0.6360628618693135,0.3639371381306865,769,0.6360628618693135,0.3639371381306865
1,61,1024,True,0.8486328125,0.9833984375,0.0029296875,3,-0.4392660870216787,0.4392660870216787,1.5515680845958506,159,1183,,414,1183,769,0.6500422654268808,0.3499577345731192,769,0.6500422654268808,0.3499577345731192
2,62,1024,True,0.806640625,0.9775390625,0.0,0,-0.5742779279826209,0.5742779279826209,1.7758477738650988,128,1152,,383,1152,769,0.6675347222222222,0.3324652777777778,769,0.6675347222222222,0.3324652777777778
3,63,1024,True,0.8525390625,0.9755859375,0.04296875,44,-0.5430181300034747,0.5430181300034747,1.7211938174971366,133,1157,,388,1157,769,0.6646499567847882,0.3353500432152118,769,0.6646499567847882,0.3353500432152118
4,64,1024,True,0.857421875,0.9736328125,0.0,0,-0.5412182103609666,0.5412182103609666,1.7180985933494666,117,1141,,372,1141,769,0.6739702015775635,0.32602979842243646,769,0.6739702015775635,0.32602979842243646
5,65,1024,True,0.8916015625,0.984375,0.0048828125,5,-0.37212794681545347,0.37212794681545347,1.4508185970377254,204,1228,,459,1228,769,0.6262214983713354,0.3737785016286645,769,0.6262214983713354,0.3737785016286645
