index,id,reference_output_tokens,used_combined_boundary_tokenization,target_top1_match_rate,target_top5_match_rate,strict_prefix_top1_ratio,first_top1_mismatch_step,mean_target_logprob,mean_target_nll,perplexity,reference_prompt_tokens,reference_total_tokens,compression_events,current_cache_tokens,current_total_cardinality,terminal_saved_tokens,terminal_saved_ratio,terminal_cache_ratio,reference_terminal_saved_tokens,reference_terminal_saved_ratio,reference_terminal_cache_ratio
0,60,1024,True,0.9150390625,0.98828125,0.0,0,-0.3328746318584308,0.3328746318584308,1.3949724024092052,185,1209,,440,1208,768,0.6357615894039735,0.36423841059602646,768,0.6357615894039735,0.36423841059602646
1,61,1024,True,0.8671875,0.990234375,0.0029296875,3,-0.41218999749980867,0.41218999749980867,1.5101213283502928,159,1183,,414,1182,768,0.649746192893401,0.350253807106599,768,0.649746192893401,0.350253807106599
2,62,1024,True,0.8408203125,0.994140625,0.0,0,-0.44215236452873796,0.44215236452873796,1.5560528096262112,128,1152,,511,1151,640,0.5560382276281495,0.4439617723718506,640,0.5560382276281495,0.4439617723718506
3,63,1024,True,0.88671875,0.9921875,0.04296875,44,-0.3430369015550241,0.3430369015550241,1.409220763404519,133,1157,,388,1156,768,0.6643598615916955,0.3356401384083045,768,0.6643598615916955,0.3356401384083045
4,64,1024,True,0.880859375,0.9814453125,0.0,0,-0.4578600262757391,0.4578600262757391,1.5806877328269142,117,1141,,500,1140,640,0.5614035087719298,0.43859649122807015,640,0.5614035087719298,0.43859649122807015
5,65,1024,True,0.904296875,0.9873046875,0.0048828125,5,-0.31052699068095535,0.31052699068095535,1.3641438158194186,204,1228,,459,1227,768,0.6259168704156479,0.3740831295843521,768,0.6259168704156479,0.3740831295843521
