index,id,reference_output_tokens,used_combined_boundary_tokenization,target_top1_match_rate,target_top5_match_rate,strict_prefix_top1_ratio,first_top1_mismatch_step,mean_target_logprob,mean_target_nll,perplexity,reference_prompt_tokens,reference_total_tokens,compression_events,current_cache_tokens,current_total_cardinality,terminal_saved_tokens,terminal_saved_ratio,terminal_cache_ratio,reference_terminal_saved_tokens,reference_terminal_saved_ratio,reference_terminal_cache_ratio
0,0,1024,True,0.9169921875,0.9921875,0.021484375,22,-0.28562910470645875,0.28562910470645875,1.3305988508688003,81,1105,,464,1104,640,0.5797101449275363,0.42028985507246375,640,0.5797101449275363,0.42028985507246375
1,1,1024,True,0.8603515625,0.9833984375,0.0087890625,9,-0.4564952712971717,0.4564952712971717,1.57853195276437,690,1714,,945,1713,768,0.44833625218914186,0.5516637478108581,768,0.44833625218914186,0.5516637478108581
2,2,1024,True,0.8671875,0.9951171875,0.0,0,-0.35360444243997335,0.35360444243997335,1.424191725242712,164,1188,,419,1187,768,0.6470092670598147,0.35299073294018535,768,0.6470092670598147,0.35299073294018535
3,3,1024,True,0.8662109375,0.9716796875,0.0712890625,73,-0.4804438524879515,0.4804438524879515,1.6167918600479698,108,1132,,491,1131,640,0.5658709106984969,0.43412908930150307,640,0.5658709106984969,0.43412908930150307
4,4,1024,True,0.923828125,0.9912109375,0.0,0,-0.2600456163054332,0.2600456163054332,1.296989249174108,130,1154,,385,1153,768,0.6660884648742411,0.3339115351257589,768,0.6660884648742411,0.3339115351257589
5,5,1024,True,0.9130859375,0.9921875,0.0048828125,5,-0.30386547558009624,0.30386547558009624,1.3550867515685676,133,1157,,388,1156,768,0.6643598615916955,0.3356401384083045,768,0.6643598615916955,0.3356401384083045
