index,id,reference_output_tokens,used_combined_boundary_tokenization,target_top1_match_rate,target_top5_match_rate,strict_prefix_top1_ratio,first_top1_mismatch_step,mean_target_logprob,mean_target_nll,perplexity,reference_prompt_tokens,reference_total_tokens,compression_events,current_cache_tokens,current_total_cardinality,terminal_saved_tokens,terminal_saved_ratio,terminal_cache_ratio,reference_terminal_saved_tokens,reference_terminal_saved_ratio,reference_terminal_cache_ratio
0,0,1024,True,0.9140625,0.9912109375,0.017578125,18,-0.28394833870697767,0.28394833870697767,1.3283643039625883,81,1105,,464,1105,641,0.5800904977375566,0.41990950226244345,641,0.5800904977375566,0.41990950226244345
1,1,1024,True,0.85546875,0.9833984375,0.0087890625,9,-0.4559327280148864,0.4559327280148864,1.577644209938762,690,1714,,945,1714,769,0.4486581096849475,0.5513418903150525,769,0.4486581096849475,0.5513418903150525
2,2,1024,True,0.8671875,0.994140625,0.0,0,-0.3534879618091509,0.3534879618091509,1.424025844153298,164,1188,,419,1188,769,0.6473063973063973,0.35269360269360267,769,0.6473063973063973,0.35269360269360267
3,3,1024,True,0.8671875,0.9716796875,0.0712890625,73,-0.4764245233964175,0.4764245233964175,1.610306483651872,108,1132,,491,1132,641,0.5662544169611308,0.43374558303886923,641,0.5662544169611308,0.43374558303886923
4,4,1024,True,0.9267578125,0.9921875,0.0,0,-0.26125076797325164,0.26125076797325164,1.2985532601768306,130,1154,,385,1154,769,0.6663778162911612,0.33362218370883884,769,0.6663778162911612,0.33362218370883884
5,5,1024,True,0.9150390625,0.9921875,0.0048828125,5,-0.3027692227624357,0.3027692227624357,1.3536020478529913,133,1157,,388,1157,769,0.6646499567847882,0.3353500432152118,769,0.6646499567847882,0.3353500432152118
