index,id,reference_output_tokens,used_combined_boundary_tokenization,target_top1_match_rate,target_top5_match_rate,strict_prefix_top1_ratio,first_top1_mismatch_step,mean_target_logprob,mean_target_nll,perplexity,reference_prompt_tokens,reference_total_tokens,compression_events,current_cache_tokens,current_total_cardinality,terminal_saved_tokens,terminal_saved_ratio,terminal_cache_ratio,reference_terminal_saved_tokens,reference_terminal_saved_ratio,reference_terminal_cache_ratio
0,0,1024,True,0.8544921875,0.9736328125,0.017578125,18,-0.5417911768890917,0.5417911768890917,1.71908328840719,81,1105,,336,1105,769,0.6959276018099547,0.3040723981900452,769,0.6959276018099547,0.3040723981900452
1,1,1024,True,0.84765625,0.98046875,0.0087890625,9,-0.50175611092709,0.50175611092709,1.6516191518950087,690,1714,,945,1714,769,0.4486581096849475,0.5513418903150525,769,0.4486581096849475,0.5513418903150525
2,2,1024,True,0.8447265625,0.986328125,0.0,0,-0.47442107228562236,0.47442107228562236,1.6070835429185992,164,1188,,419,1188,769,0.6473063973063973,0.35269360269360267,769,0.6473063973063973,0.35269360269360267
3,3,1024,True,0.8466796875,0.9609375,0.0712890625,73,-0.6152137403842062,0.6152137403842062,1.850051988124313,108,1132,,363,1132,769,0.6793286219081273,0.3206713780918728,769,0.6793286219081273,0.3206713780918728
4,4,1024,True,0.88671875,0.9814453125,0.0,0,-0.3773689907975495,0.3773689907975495,1.458442361907204,130,1154,,385,1154,769,0.6663778162911612,0.33362218370883884,769,0.6663778162911612,0.33362218370883884
5,5,1024,True,0.8623046875,0.9833984375,0.0048828125,5,-0.4917381821433082,0.4917381821433082,1.635155950130311,133,1157,,388,1157,769,0.6646499567847882,0.3353500432152118,769,0.6646499567847882,0.3353500432152118
