index,id,reference_output_tokens,used_combined_boundary_tokenization,target_top1_match_rate,target_top5_match_rate,strict_prefix_top1_ratio,first_top1_mismatch_step,mean_target_logprob,mean_target_nll,perplexity,reference_prompt_tokens,reference_total_tokens,compression_events,current_cache_tokens,current_total_cardinality,terminal_saved_tokens,terminal_saved_ratio,terminal_cache_ratio,reference_terminal_saved_tokens,reference_terminal_saved_ratio,reference_terminal_cache_ratio
0,0,1024,True,0.92578125,0.994140625,0.017578125,18,-0.23486081568989903,0.23486081568989903,1.264732725530085,81,1105,,592,1105,513,0.4642533936651584,0.5357466063348416,513,0.4642533936651584,0.5357466063348416
1,1,1024,True,0.8388671875,0.978515625,0.0087890625,9,-0.541168175288476,0.541168175288476,1.7180126303124037,690,1714,,945,1714,769,0.4486581096849475,0.5513418903150525,769,0.4486581096849475,0.5513418903150525
2,2,1024,True,0.888671875,0.9951171875,0.0,0,-0.30562032549642026,0.30562032549642026,1.3574668131558252,164,1188,,675,1188,513,0.4318181818181818,0.5681818181818182,513,0.4318181818181818,0.5681818181818182
3,3,1024,True,0.90234375,0.98046875,0.0712890625,73,-0.3515083327656612,0.3515083327656612,1.42120958972279,108,1132,,619,1132,513,0.4531802120141343,0.5468197879858657,513,0.4531802120141343,0.5468197879858657
4,4,1024,True,0.919921875,0.994140625,0.0,0,-0.2486672451486811,0.2486672451486811,1.2823152654437535,130,1154,,641,1154,513,0.4445407279029463,0.5554592720970537,513,0.4445407279029463,0.5554592720970537
5,5,1024,True,0.9208984375,0.9990234375,0.0048828125,5,-0.24650628096424043,0.24650628096424043,1.2795472199826963,133,1157,,644,1157,513,0.44338807260155577,0.5566119273984442,513,0.44338807260155577,0.5566119273984442
