{
  "n_heads": 1152,
  "quantiles": {
    "d_fixed_adaptive": {
      "min": 0.3517603874206543,
      "p25": 0.4416620135307312,
      "p50": 0.46556463837623596,
      "p75": 0.48825597763061523,
      "p90": 0.5125107765197754,
      "p95": 0.5400041341781616,
      "p99": 0.6863189935684204,
      "max": 0.8038747906684875,
      "mean": 0.46981170773506165
    },
    "d_fixed_variational": {
      "min": 0.07962065935134888,
      "p25": 0.19065526127815247,
      "p50": 0.22168640792369843,
      "p75": 0.25711238384246826,
      "p90": 0.29705891013145447,
      "p95": 0.335335373878479,
      "p99": 0.43286529183387756,
      "max": 0.6051598787307739,
      "mean": 0.22800227999687195
    },
    "d_adaptive_variational": {
      "min": 0.19082392752170563,
      "p25": 0.3386616110801697,
      "p50": 0.40098804235458374,
      "p75": 0.4786633253097534,
      "p90": 0.597019612789154,
      "p95": 0.6814051866531372,
      "p99": 0.8378703594207764,
      "max": 0.9652360081672668,
      "mean": 0.4257708489894867
    },
    "rel_fixed_adaptive": {
      "min": 0.5241921544075012,
      "p25": 0.6869444251060486,
      "p50": 0.7502864003181458,
      "p75": 0.8033533096313477,
      "p90": 0.8527015447616577,
      "p95": 0.8741859793663025,
      "p99": 0.9585248231887817,
      "max": 0.9956628680229187,
      "mean": 0.746709406375885
    },
    "rel_fixed_variational": {
      "min": 0.10474823415279388,
      "p25": 0.2970481514930725,
      "p50": 0.3552151024341583,
      "p75": 0.42499852180480957,
      "p90": 0.4839806854724884,
      "p95": 0.5421018600463867,
      "p99": 0.7368423342704773,
      "max": 0.9621544480323792,
      "mean": 0.3647466003894806
    },
    "Rbar": {
      "min": 0.6485894322395325,
      "p25": 0.7946305871009827,
      "p50": 0.8230640888214111,
      "p75": 0.8488814830780029,
      "p90": 0.8735194206237793,
      "p95": 0.8865801095962524,
      "p99": 0.9290882349014282,
      "max": 0.9554440975189209,
      "mean": 0.8211469054222107
    }
  },
  "top_rel_fixed_adaptive": [
    {
      "layer": 30,
      "head": 26,
      "d_fixed_adaptive": 0.7969003915786743,
      "d_fixed_variational": 0.3428574502468109,
      "d_adaptive_variational": 0.8751241564750671,
      "rel_fixed_adaptive": 0.9956628702956298,
      "rel_fixed_variational": 0.42837277609905516,
      "Rbar": 0.8287217020988464
    },
    {
      "layer": 7,
      "head": 5,
      "d_fixed_adaptive": 0.5450918078422546,
      "d_fixed_variational": 0.2996884882450104,
      "d_adaptive_variational": 0.35509130358695984,
      "rel_fixed_adaptive": 0.9878725005299819,
      "rel_fixed_variational": 0.5431268861562569,
      "Rbar": 0.8791406154632568
    },
    {
      "layer": 2,
      "head": 4,
      "d_fixed_adaptive": 0.5346065759658813,
      "d_fixed_variational": 0.28111669421195984,
      "d_adaptive_variational": 0.3900599479675293,
      "rel_fixed_adaptive": 0.9817978119117087,
      "rel_fixed_variational": 0.5162670413668263,
      "Rbar": 0.8914654850959778
    },
    {
      "layer": 30,
      "head": 27,
      "d_fixed_adaptive": 0.7851561307907104,
      "d_fixed_variational": 0.3616343140602112,
      "d_adaptive_variational": 0.9185363054275513,
      "rel_fixed_adaptive": 0.9817127058107338,
      "rel_fixed_variational": 0.45216611963855663,
      "Rbar": 0.8256534934043884
    },
    {
      "layer": 7,
      "head": 4,
      "d_fixed_adaptive": 0.7054241895675659,
      "d_fixed_variational": 0.37170177698135376,
      "d_adaptive_variational": 0.46887704730033875,
      "rel_fixed_adaptive": 0.979780679439163,
      "rel_fixed_variational": 0.5162655675626687,
      "Rbar": 0.7516735196113586
    },
    {
      "layer": 1,
      "head": 24,
      "d_fixed_adaptive": 0.5901080369949341,
      "d_fixed_variational": 0.3276224136352539,
      "d_adaptive_variational": 0.34633320569992065,
      "rel_fixed_adaptive": 0.9732641532555882,
      "rel_fixed_variational": 0.5403470737630452,
      "Rbar": 0.9502706527709961
    },
    {
      "layer": 2,
      "head": 6,
      "d_fixed_adaptive": 0.49275311827659607,
      "d_fixed_variational": 0.24039392173290253,
      "d_adaptive_variational": 0.46162211894989014,
      "rel_fixed_adaptive": 0.9713992693321754,
      "rel_fixed_variational": 0.4739056360312209,
      "Rbar": 0.8716014623641968
    },
    {
      "layer": 5,
      "head": 9,
      "d_fixed_adaptive": 0.5199069976806641,
      "d_fixed_variational": 0.26418736577033997,
      "d_adaptive_variational": 0.4537509083747864,
      "rel_fixed_adaptive": 0.9692871704222858,
      "rel_fixed_variational": 0.49253698328972106,
      "Rbar": 0.9339258670806885
    },
    {
      "layer": 30,
      "head": 25,
      "d_fixed_adaptive": 0.7774147987365723,
      "d_fixed_variational": 0.33742356300354004,
      "d_adaptive_variational": 0.8636296391487122,
      "rel_fixed_adaptive": 0.9680542276491709,
      "rel_fixed_variational": 0.42016733821490715,
      "Rbar": 0.8323260545730591
    },
    {
      "layer": 9,
      "head": 16,
      "d_fixed_adaptive": 0.5018346905708313,
      "d_fixed_variational": 0.23119397461414337,
      "d_adaptive_variational": 0.4219139814376831,
      "rel_fixed_adaptive": 0.9677746709658869,
      "rel_fixed_variational": 0.44585134689870143,
      "Rbar": 0.8559948801994324
    },
    {
      "layer": 30,
      "head": 9,
      "d_fixed_adaptive": 0.8038747906684875,
      "d_fixed_variational": 0.28295186161994934,
      "d_adaptive_variational": 0.9045991897583008,
      "rel_fixed_adaptive": 0.9624972512576094,
      "rel_fixed_variational": 0.33878458711331333,
      "Rbar": 0.8459469079971313
    },
    {
      "layer": 30,
      "head": 8,
      "d_fixed_adaptive": 0.8011193871498108,
      "d_fixed_variational": 0.2907678186893463,
      "d_adaptive_variational": 0.9213587641716003,
      "rel_fixed_adaptive": 0.9596736575420747,
      "rel_fixed_variational": 0.34831539534937556,
      "Rbar": 0.8271214962005615
    },
    {
      "layer": 30,
      "head": 11,
      "d_fixed_adaptive": 0.7928680777549744,
      "d_fixed_variational": 0.28921860456466675,
      "d_adaptive_variational": 0.8532890677452087,
      "rel_fixed_adaptive": 0.95742112296944,
      "rel_fixed_variational": 0.3492434730756448,
      "Rbar": 0.8286370038986206
    },
    {
      "layer": 2,
      "head": 14,
      "d_fixed_adaptive": 0.512190580368042,
      "d_fixed_variational": 0.2735225558280945,
      "d_adaptive_variational": 0.40472739934921265,
      "rel_fixed_adaptive": 0.9412035549203198,
      "rel_fixed_variational": 0.5026261937720655,
      "Rbar": 0.8635572791099548
    },
    {
      "layer": 1,
      "head": 21,
      "d_fixed_adaptive": 0.5461856722831726,
      "d_fixed_variational": 0.2985956370830536,
      "d_adaptive_variational": 0.38387513160705566,
      "rel_fixed_adaptive": 0.9369920570219412,
      "rel_fixed_variational": 0.5122465754890275,
      "Rbar": 0.9153309464454651
    },
    {
      "layer": 30,
      "head": 24,
      "d_fixed_adaptive": 0.7371389269828796,
      "d_fixed_variational": 0.3193145990371704,
      "d_adaptive_variational": 0.8115027546882629,
      "rel_fixed_adaptive": 0.9367466408905045,
      "rel_fixed_variational": 0.405780873979424,
      "Rbar": 0.8260685801506042
    },
    {
      "layer": 2,
      "head": 7,
      "d_fixed_adaptive": 0.49993622303009033,
      "d_fixed_variational": 0.23090392351150513,
      "d_adaptive_variational": 0.42339402437210083,
      "rel_fixed_adaptive": 0.9319425555282025,
      "rel_fixed_variational": 0.43043328857938906,
      "Rbar": 0.80875563621521
    },
    {
      "layer": 2,
      "head": 27,
      "d_fixed_adaptive": 0.4904367923736572,
      "d_fixed_variational": 0.23549678921699524,
      "d_adaptive_variational": 0.4092006981372833,
      "rel_fixed_adaptive": 0.9280548484857515,
      "rel_fixed_variational": 0.445631201480386,